1403250178,http://m10.music.126.net/20191115160512/d8d22532530188cb2cdeeeaefd3278b0/yyaac/0052/5458/015d/78f552b6dac27245c70667c51e6077e0.m4a
1403435714,http://m10.music.126.net/20191115160512/c13df3074c3983b242803adc98d76cc3/yyaac/0558/5659/5553/2269ceda2aa33865baa4b9ce8b3f93a9.m4a
1400256289,http://m10.music.126.net/20191115160513/cf18dd3f1d07ade72772315338a969f0/yyaac/5608/555a/005c/ab410f7bbbb0955e7ae476ae89527a5d.m4a
1393176534,http://m10.music.126.net/20191115160513/64650dafc2835a9248cd84de4b9e592e/yyaac/030c/0352/565f/4fbe421f1f48fb135e23a5f0b7a626a4.m4a
1401656653,http://m10.music.126.net/20191115160514/61855806e33b228303e6e2668daec5a2/yyaac/540c/0e5d/525a/cf5c70a5a5972e2cdbeee0489d6066c4.m4a
1403318151,http://m10.music.126.net/20191115160515/30c3915fd00e6efb79cb14311e630b5f/yyaac/565b/540c/0f09/a17e65e55bcfab3a94ab8c6f23be1df0.m4a
1396208034,http://m10.music.126.net/20191115160515/4b1e45fac381cd9b24db238d6d4d5758/yyaac/5608/030b/015b/ab6df2447a4a5ce8538d61eaf31563ea.m4a
1399119527,http://m10.music.126.net/20191115160516/a326cd0c47208f59c1b8ee1efb890521/yyaac/075f/030f/5109/05dd1fdb814ebaaa1a2dfc9a0441f2ae.m4a
1403407841,http://m10.music.126.net/20191115160516/9704e419e7361eadb0b3ad360ea34676/yyaac/5258/540b/0153/e2dbbb40ecca41a6437e6901bcba5c94.m4a
1396930668,http://m10.music.126.net/20191115160517/99332a1caee58198b64254a87feef9ef/yyaac/075e/055a/5258/04b95bbda020d99d455ce279cc76fe20.m4a
1401919218,http://m10.music.126.net/20191115160517/f6fbf0234773aea99d132f2e4efb6226/yyaac/0453/0452/545d/399cb49c653870673916c7643814a132.m4a
1401503275,http://m10.music.126.net/20191115160518/146480754ff7a94ded44eca91ae69de6/yyaac/545a/025f/540f/c081638d775534a70ee5cead37db82f5.m4a
1403510842,http://m10.music.126.net/20191115160518/83a477fcf2353f560e696f8d9f30c272/yyaac/010b/515e/555f/6a0b266ec9f4143778a2b579eaac3ca2.m4a
1361049505,http://m10.music.126.net/20191115160519/3a6418c4269d52aaad541389c920900a/yyaac/0452/075d/0e0f/380cdf95180741c6a42d9e8a35cb8548.m4a
1399839711,http://m10.music.126.net/20191115160519/be413c262526b75c2d97e2e98f7f9414/yyaac/545e/515c/025a/c410e89aaef65ceb3309503a16caf738.m4a
1388126434,http://m10.music.126.net/20191115160520/c64a5e9980dcd1fc86409319cf46a929/yyaac/545d/065d/060e/c7fbee8a19174b1e10811d0109034bed.m4a
1384527426,http://m10.music.126.net/20191115160521/ab4f4ed1749f5de6d8a31db227c31bb9/yyaac/015f/0752/035f/656f4d4f6808e336c2e2459602aa697d.m4a
1378896526,http://m10.music.126.net/20191115160521/d0d323bb4466a7385605cf18b02c77a5/yyaac/5453/030e/000b/c9409b7f454de2ac82267af0fdaf80c8.m4a
1386921258,http://m10.music.126.net/20191115160522/4b6c2fe46330dfd9e4fda155a8df7518/yyaac/0f0b/520c/0258/8aa9259d33ef2fc71b5d528e7d607e1c.m4a
1397293114,http://m10.music.126.net/20191115160522/e3511bfd4c57972f1d0c94015c811d42/yyaac/0f5b/5652/020c/817606978fa8d684e49a5ff2cf1b18fa.m4a
1390417840,http://m10.music.126.net/20191115160523/74680621c991550b2b03256e25361254/yyaac/0252/530f/0752/581225760fde64cd1d1108ee1a8386a2.m4a
1391891631,http://m10.music.126.net/20191115160524/ffe0efcc1f04614037fe32726779048e/yyaac/005f/075e/0658/7532ea28d9045e411cbb129c6f654d0f.m4a
1395833338,http://m10.music.126.net/20191115160524/72aaba476b26953bd94f50e1efec8472/yyaac/070f/025a/0553/0e8dca0ea050fa264187295cb9b89e06.m4a
1403437165,http://m10.music.126.net/20191115160525/2a887ee023d8d70a017a97aade0cb266/yyaac/555e/055f/070b/b40ed605d42545b9aa1a0a6a1d5b9dfd.m4a
1389874591,http://m10.music.126.net/20191115160526/a691005a8feb5fc5741079f8fd49c970/yyaac/0052/015a/060f/7822ce4f06607513b57d1e4d913c3071.m4a
1398622695,http://m10.music.126.net/20191115160526/55b9e7017ca5895de2b7c4b08724afa3/yyaac/020f/000b/515d/5eb1f1754c7aa8edaf1ef7ac4fb48b45.m4a
1386726768,http://m10.music.126.net/20191115160527/d58e43044b1d7dd7375dba48adcbf370/yyaac/035b/040e/020e/413b7eb4363d3c70a7de5dddf7a82ef4.m4a
1403530810,http://m10.music.126.net/20191115160527/add36c3a9de7c4df655f5515d62c66cf/yyaac/0352/5158/030f/480c251601f27e6e75064eba38ef5ae1.m4a
1348249318,http://m10.music.126.net/20191115160528/571aae905cd152963c2fa7d76dcd6314/ymusic/070b/5509/535b/0ad84d7bf3bc0f6becb6d1cdff97a366.mp3
1392160191,http://m10.music.126.net/20191115160528/85b1d7670fe1b26101bd75b8b07c6a72/yyaac/025a/065c/540c/509ae05ce816992d5abfcfc58b2412e1.m4a
1396568325,http://m10.music.126.net/20191115160529/a7a140e35f51eeb449183966e6bb663b/yyaac/0652/0552/545e/18a78c12c0284eec4d96c41669de9f7e.m4a
504652401,http://m801.music.126.net/20191115160529/2944794beacf84a01b642ccbbc60878b/jdyyaac/515a/525d/075d/f0f891df05e7f268c82c0762bc249bf1.m4a
1403490989,http://m10.music.126.net/20191115160530/96fea26a53b4f45ebbfc5c019363b56f/yyaac/015c/520b/5509/6604621740ea549f5195bce6b4046498.m4a
1392143167,http://m10.music.126.net/20191115160531/8ece5c0c6cbb447909cf827ee4fd396a/yyaac/030c/065e/5352/4fb12002f21493f63932d82b955ad05b.m4a
1390066209,http://m10.music.126.net/20191115160531/639146f74c6a5eee903d8f746d8470cc/yyaac/0252/055a/0308/58e92d402320ef385aad4b92b475d752.m4a
1402718552,http://m10.music.126.net/20191115160532/8a595fb26fd770e750d84e3c2ee8d0ef/yyaac/060e/055d/5158/1d11cc10ef271745bcc8f2c3be52ca58.m4a
1401922336,http://m10.music.126.net/20191115160532/b4b7d3dafca70264e2356d5dbfc0a430/yyaac/075f/0f5f/550e/055de1a88985b47fc31cbd81106e97fd.m4a
1402103432,http://m10.music.126.net/20191115160533/5b5f4329877988f79ee82983ff60d419/yyaac/065b/535a/530e/118eb51510d0b9a7656eddf062631c3c.m4a
1391676531,http://m10.music.126.net/20191115160533/60422b2bcf9f4ef08b3d4875ff726d9b/yyaac/5553/020f/525a/b9d7fef4715e8e426ef0e060bd0c0b8e.m4a
1396377448,http://m10.music.126.net/20191115160534/c060d5770334395cb340eb8553fd0c52/yyaac/0009/0709/0e0f/7c01abf08c0c8effc62c9e97a7b68697.m4a
1393542028,http://m10.music.126.net/20191115160534/6d0b2a9532804660830ecae8c4227217/yyaac/0509/0058/030f/2c6f49f8ae72bba7b92e4e35981dafed.m4a
1379464559,http://m10.music.126.net/20191115160535/ae404f215d54b21c689e5a9ddbf599d5/yyaac/565d/060f/5358/a70281ee291e86f9f894d20d9d20f135.m4a
1398663411,http://m10.music.126.net/20191115160535/a5f89315acb2df69935d4f7b2683749f/yyaac/015c/5609/0159/66a937cca3acbb5f0df4639aa2657946.m4a
1401242201,http://m10.music.126.net/20191115160536/9cf97c2b59d56cfe88b5f3d1deb6fbc6/yyaac/5408/540f/0458/cbdc50f1ecce4226c91732a6ddeaaeca.m4a
1403359023,http://m10.music.126.net/20191115160536/536cb0939764f7cf6c8e735b2dc2d188/yyaac/0153/025d/5258/69624e683c57d0daf4cfe2efb44477d0.m4a
1402886170,http://m10.music.126.net/20191115160537/5a7d207b7147d3cca41ebe1201b391c6/yyaac/0653/5558/0f58/193bbda3a1b200366850825972419d81.m4a
1375514229,http://m10.music.126.net/20191115160538/4ea4fd83919955d516ff100c1978e329/yyaac/045f/0f58/0f5c/35424ebbb58231068f3686675d9948ed.m4a
1368934278,http://m10.music.126.net/20191115160538/3227b3b39ae1c4c509f4579863a24bb4/yyaac/015b/510b/045f/611296cf35fad535966e35f11eb87840.m4a
556995768,http://m701.music.126.net/20191115160539/761aca880a5d7b59f6b5290e4addf790/jdyyaac/0459/0759/535c/3366ff6b63030ac43208d65973407cef.m4a
1359356908,http://m10.music.126.net/20191115160539/ae2561e35d79c91b6e95ffc7f2962fc4/ymusic/060b/070b/075e/1a846b4f690a06ff309004cd0d71ab26.mp3
1376873330,http://m10.music.126.net/20191115160540/4ad30bdff01ea751989d94228dbedb71/yyaac/0308/030e/530b/4b01ce2a674d336c76f8daf45bd8f550.m4a
1390071242,http://m10.music.126.net/20191115160540/c04766ab4977f3c76e012e605de2189a/yyaac/0009/0e08/0409/7c8cc250d69bfea5c6693c834c5e8e6c.m4a
1403351540,http://m10.music.126.net/20191115160541/df7e659fc72ed7e06ba31d9b3e50cb6b/yyaac/0f5c/0709/0609/863d0a00610c516386ed1c0411d05629.m4a
1396204739,http://m10.music.126.net/20191115160541/4d1230406eff1fa7eda0d9434b5a6037/yyaac/565c/5553/015a/a63d118c68b910af158760b66d995f9a.m4a
1382641000,http://m10.music.126.net/20191115160542/a70f4c356ce94f0cfcd4efe828cbf60c/yyaac/015a/005f/560e/607029e22d75b1affd25ad4ef7e5fe70.m4a
1390466212,http://m10.music.126.net/20191115160542/e53f99885a637a7bfba635a38946fe56/yyaac/0409/0509/560c/3ce9036fb52cc9e9c36aaff167259f7b.m4a
1403421608,http://m10.music.126.net/20191115160543/98e6fd3b31dea3e34a207c0562fff126/yyaac/000c/5309/045b/7f5a93da1ddc837e431d31655b263272.m4a
1402872269,http://m10.music.126.net/20191115160543/c0355aa583b709bf3f9b9ac45fa7153c/yyaac/5659/5109/010c/a369271daefc777b3d406fc59c3c2423.m4a
1400418258,http://m10.music.126.net/20191115160544/198c78112a005145573791313e46def2/yyaac/510c/0509/0252/ff164d66d12c4fb4ee145842f8061d8c.m4a
500427780,http://m701.music.126.net/20191115160545/37f08860b0053003d09e57388e43b68b/jdyyaac/0e5e/065e/0f5a/946bcdd63f14dd1b253f80d18be46192.m4a
536096151,http://m701.music.126.net/20191115160545/702b61010ac42dd5656bacd331479bca/jdyyaac/0f0f/565d/0e5b/8e1e53584ca7219a92e4913eafc54935.m4a
1403215687,http://m10.music.126.net/20191115160546/9a0b81db0db6ffbcbfbd6fcbed3c6077/yyaac/555f/565f/5459/b5d263a2b6a5c9a9258fc39090629840.m4a
1373835581,http://m10.music.126.net/20191115160546/0d359bd2126440a0dd0c85afbac02b36/yyaac/555d/555d/030f/b78a2f1ebdb79a182cb24ec34076cb44.m4a
1398317918,http://m10.music.126.net/20191115160547/e9d53b4af0d7e05ccea016114151eb47/yyaac/0258/020b/015a/5280b106e05a11a10fc460c74fa755d6.m4a
1385336748,http://m10.music.126.net/20191115160547/a750526c0765833b687064ffaabc8b49/yyaac/5309/5559/015f/dc93ae87cfb379f38af4653f88172088.m4a
1344609210,http://m10.music.126.net/20191115160548/738a1ffd9244ca512babcecd2ef3a2a9/yyaac/0452/5409/530f/3879714b91cc79695768de0308771baa.m4a
1390780976,http://m10.music.126.net/20191115160548/068cb1e1c34f63ca0947a7c127a30ba6/yyaac/515b/520c/540f/f16093b899efe9eedbface424e1f8a25.m4a
1403302055,http://m10.music.126.net/20191115160549/25a2e85d4987df072459ecf90812c51f/yyaac/015f/0e58/035d/6580ab6e7292b912bf0447d199fc659e.m4a
1384438576,http://m10.music.126.net/20191115160549/74d11405b2ce1ef8652d3ec087c1c1f4/yyaac/005f/045c/035e/75bb04dbad36faca7552447b472616ea.m4a
1392824912,http://m10.music.126.net/20191115160550/3722beee8134dfc41315e71fe7fb189c/yyaac/075c/060f/0008/06dfa27e921e40e7f56a7b9533c6c511.m4a
1403103637,http://m10.music.126.net/20191115160550/70958a9bb25e6f72f639d388959d391d/yyaac/0309/0308/0653/4cc9bceb3a4bd108a32319d7d8b57c95.m4a
1376091996,http://m10.music.126.net/20191115160551/b71ef0b126c68cc79ce9e04a1484eca7/yyaac/535a/0208/550f/d09ff2d83f5b74f16805be0a64b55844.m4a
1382592787,http://m10.music.126.net/20191115160552/ea0d925c3f6d03c019709c89ef7c272e/yyaac/0158/015b/030f/62afc2ee8a61c0e3c18d4e8499c23541.m4a
1392316405,http://m10.music.126.net/20191115160552/1e1eeac89e4cfb055908b85356e71434/yyaac/0409/5659/045b/3ce90e4902a37691588b3122aecea4fa.m4a
1397712807,http://m10.music.126.net/20191115160553/d1232d4668310db100c4d03bfbd59e01/yyaac/015d/0f09/0f0b/675d3efa8e8ce270e24c8aa9a05f82bb.m4a
1373118203,http://m10.music.126.net/20191115160553/ca065b5a6ed364f613b9a7054439f854/yyaac/520f/0f0c/535d/ee4ec7a0fa8f778bf815d7f35134c3a7.m4a
1394994862,http://m10.music.126.net/20191115160554/082dddb772d2864d728bf41a48907e93/yyaac/525a/535b/0408/e06ed45a76d160b81c213b15459d18eb.m4a
1373168742,http://m10.music.126.net/20191115160554/aef45d690a7f734ce82213757b09bae2/yyaac/5108/565b/040e/fb61da4e63a14716ad693dc29c195145.m4a
1329129059,http://m801.music.126.net/20191115160555/d14cfae436d970f876e1eb0ed0fd6e25/jdyyaac/055c/070e/0159/26565aa24d0d7bcd23ce63a6d7a890e7.m4a
1403011721,http://m10.music.126.net/20191115160555/2e7c68b34542faab9296a636b077da5a/yyaac/0e0f/000f/000e/9ed39197997ebc402e657d9aa7a4c99e.m4a
1318733599,http://m801.music.126.net/20191115160556/d3b591babd1dd9873775c9cba333d69e/jdyyaac/0353/5352/0758/4934e317b7d845cda08002e998816490.m4a
474791195,http://m801.music.126.net/20191115160556/f49b2bda56a41d08b6b04df208aee6f6/jdyyaac/050c/545c/0e0b/2fe9009020c6376ecde09a66ff4700ce.m4a
1358554236,http://m10.music.126.net/20191115160557/40ab2765dacc03982f449e062a52247b/yyaac/0559/060c/035e/23f6b51f061ff3a305f244033956b866.m4a
28196001,http://m701.music.126.net/20191115160558/404bf71d6ac591ac3cf3205938e2b398/jdyyaac/0553/5459/0109/29337a577cc35dfda59a6ca943acde99.m4a
1403292808,http://m10.music.126.net/20191115160558/ea9492704e1f1c72afa24f9a4dd069e2/yyaac/075d/010e/065c/07bcd983cf6d6850f5f1165a94023670.m4a
1401671379,http://m10.music.126.net/20191115160559/198e0eaff37261e7c65154ff095985cc/yyaac/0e5f/045b/0e0f/95a2f19b0c31522ee3859eb91202c6b3.m4a
1381755293,http://m10.music.126.net/20191115160559/fa5317b60b6f31ecf775879be1acefa8/yyaac/075f/5653/565d/055dd0d78da9ef839dcfa7b408677c83.m4a
1321382274,http://m801.music.126.net/20191115160600/6f66c38fd122bc8d61704eaea78a5920/jdyyaac/035a/545c/0f58/408bbd5cc9c6c09f23c38268314f4e75.m4a
1400413491,http://m10.music.126.net/20191115160600/46f2d6160933504a225b53d54ca68d62/yyaac/0459/075e/0509/33466e0fe804b9a516af2c96b78806a2.m4a
1363553512,http://m10.music.126.net/20191115160601/0fb3b92225e0538899f1a472e81315dc/ymusic/010b/510f/0e58/6ad4671e1ffe09c97f7992874b925ccc.mp3
1349292048,http://m10.music.126.net/20191115160602/2ee9875f32558de8cd97e9416ad3ee38/ymusic/055d/065f/515d/272b5d606115f57d5942f79561148769.mp3
1370047789,http://m10.music.126.net/20191115160602/409094da16441a269ebf6823c4b6d872/yyaac/010f/000c/0753/6e831595637f87ee5fdf09bc42d3bada.m4a
1401745134,http://m10.music.126.net/20191115160603/71ab392ae549db3991a57ba18aef24b9/yyaac/055e/060c/0208/244920cad71f7a6ef9855bc868dbab8a.m4a
1374056687,http://m10.music.126.net/20191115160603/656889a6ab05bccf3cd3cebd9b7ed2a4/yyaac/565e/0553/555d/a474e8912f296528fcc8b7c8873f13af.m4a
1403046117,http://m10.music.126.net/20191115160604/c60f274371674d4a6e466819dbad571f/yyaac/560f/0f0e/0608/ae330470258d4d968da31b1ed38c36ea.m4a
1366518535,http://m10.music.126.net/20191115160604/d99951d941005997f9177eeb22cdceb4/ymusic/0109/515b/0f0c/6c7a6f9f9ef176cd062e8f085b76f7c2.mp3
1387574419,http://m10.music.126.net/20191115160605/ba432461d59478ce18c8e320af60c24d/yyaac/5653/010b/005b/a9cb9b185f6aa3e1f7b171f19e75dd92.m4a
1382670265,http://m10.music.126.net/20191115160605/1b671e3d8948945aded98c8bed713b07/yyaac/5609/0659/0109/aca8d2309b138dc516896ca9627ef406.m4a
1390026519,http://m10.music.126.net/20191115160606/253de3429d9db7b5af85557ba56964e2/yyaac/035c/0009/0058/467ee238d47c849c77a3728c9a7c2551.m4a
1411558182,http://m10.music.126.net/20191227115614/9ffeb0446684a8a2a7f9375c2728fcc6/yyaac/545f/0353/050c/c5519e134f492e479c672f4ea40d83ba.m4a
1412022850,http://m10.music.126.net/20191227115614/4d6b63e2e4d689961f4673bf418c0382/yyaac/0653/005d/530e/195fabadab77231f79f7dd8a409df8c1.m4a
1412013401,http://m10.music.126.net/20191227115615/a573e747530fc41a1531b4720ff7115c/yyaac/060e/0e0f/5258/1d8c22451f9e3d154913e2ad6d53e9e9.m4a
1412001655,http://m10.music.126.net/20191227115616/4a05ebc8d3b03a9a6e868d39a6839e4e/yyaac/0f09/0309/565b/8ce53e63914c3e67d248a1762dd69c77.m4a
1411784809,http://m10.music.126.net/20191227115616/b85e6c3dc1ea4db4736174ed9e502c39/yyaac/540f/025a/010c/ce34dd6b475095ce2de76f2b02d048fd.m4a
1412242872,http://m10.music.126.net/20191227115617/883963d7a6f2cb226d392b2ab426e94a/yyaac/055b/5553/560e/2122f7ffb7b99fb8ac29ad9f20876f80.m4a
1408220694,http://m10.music.126.net/20191227115617/df34397b1f1f94cc6d3bdd96ed1a5b4b/yyaac/555d/060e/075a/b7ce453f821d3dde15f200e47b518780.m4a
1404906595,http://m10.music.126.net/20191227115618/1708e66aaaafdda27e9b089fb262695b/yyaac/5308/535b/020c/dbe79dfa4cd15891beff5f8c88d0bb29.m4a
1404885266,http://m10.music.126.net/20191227115618/ea075bd15abe3d68823c0fff4d68f1f2/yyaac/015a/055d/525a/60ea8f22932761f95da8e0df17c5d319.m4a
1411709714,http://m10.music.126.net/20191227115619/f0de24a75abde0d2e578eba0edef3e9a/yyaac/520e/5252/0459/ed7800abe7e81a6d2de03380eeff3ab8.m4a
1403699842,http://m10.music.126.net/20191227115619/9d6b37ec489e938815e9fc9ea1fd3e7d/yyaac/555b/015c/510c/b1187bdb5c66ff941f59ff209cfd44e8.m4a
1399533630,http://m10.music.126.net/20191227115620/fe221dc239da283232353d42350d642c/yyaac/0f5f/0759/560c/855b699ef203cb3b10d9af00628ef4b2.m4a
1409343158,http://m10.music.126.net/20191227115621/9901ced6434847d2c45f35d754895631/yyaac/045c/0508/530f/365d96f5642b23364e9bde4fcd0720fe.m4a
1412022967,http://m10.music.126.net/20191227115621/5dbefe72760d6762b28ee05042d3f75d/yyaac/0659/520f/0152/134eea7a16eec800cc1d68a5f9e2cfe1.m4a
1411990343,http://m10.music.126.net/20191227115622/d0d20b1a93a8fd45ee6826014107eb1f/yyaac/545d/0008/0159/c799b1a4bd7b320123a363442ee9a61c.m4a
1407263835,http://m10.music.126.net/20191227115622/98a60fef78d5ba5fbbc8b672c65c7562/yyaac/5253/045a/020c/e975f3de1a305148241f5f4b717ee998.m4a
1407214788,http://m10.music.126.net/20191227115623/5f7357523f84fff1679ef526bc63b18b/yyaac/055f/0f5c/520f/25faa8f0e886d5513fdeeea9805f7527.m4a
1363948882,http://m10.music.126.net/20191227115623/bdd8c72819c7ceb9e7c42fd455b85e60/yyaac/0708/0652/0508/0b9b6827b718aa223af92bd52aa2424f.m4a
1353194608,http://m10.music.126.net/20191227115625/d9302a52b69a792a88995ea1acd159b2/ymusic/0e08/555c/520f/9bfe66313eb611f54e2cee76223d76d1.mp3
1400461493,http://m10.music.126.net/20191227115625/39e7faf24fd6131181018571afb231d2/yyaac/0753/5259/050e/09a8fd113ce3a32d5ee92d550f200ac5.m4a
1375514229,http://m10.music.126.net/20191227115626/4cdf596165ebdf6573b197460985015e/yyaac/045f/0f58/0f5c/35424ebbb58231068f3686675d9948ed.m4a
1398663411,http://m10.music.126.net/20191227115626/1b9c22cf9e17ce104291012c663d5f9e/yyaac/015c/5609/0159/66a937cca3acbb5f0df4639aa2657946.m4a
1400256289,http://m10.music.126.net/20191227115627/1a80abcbfdc29c0811081db1dab0baa2/yyaac/5608/555a/005c/ab410f7bbbb0955e7ae476ae89527a5d.m4a
1396568325,http://m10.music.126.net/20191227115628/6e6518d989db08992631f4abb80719ed/yyaac/0652/0552/545e/18a78c12c0284eec4d96c41669de9f7e.m4a
1376873330,http://m10.music.126.net/20191227115628/7ab2ec8a8952530552a162025f017a64/yyaac/0308/030e/530b/4b01ce2a674d336c76f8daf45bd8f550.m4a
1411711620,http://m10.music.126.net/20191227115628/b21f65e99a257b49c6a32310fc80a020/yyaac/000b/5352/5153/7ade8a5f95d811767856f95a7f74869d.m4a
1411711642,http://m10.music.126.net/20191227115629/12c330c5f68fe09b2fa90984c687fdbf/yyaac/540e/0e0f/055b/cd26a0c4099ef13fc01a21a34485f149.m4a
1358848433,http://m10.music.126.net/20191227115630/608e68d00d640e99aff5a5191269a93d/ymusic/530b/0453/0259/daf5b6d486393fef95e653f0705c3bd3.mp3
1366216050,http://m10.music.126.net/20191227115630/152d5bb0aed5357a5573a67e371563aa/ymusic/045d/000f/050b/3743e13bb57efd940aaf2ab6a7251cfb.mp3
1376091684,http://m10.music.126.net/20191227115631/6a9e479c9ff42c371582ff9bc28a0ebd/yyaac/0e5c/550b/0459/962639870cbaeff583f43326f8544cb7.m4a
1382596189,http://m10.music.126.net/20191227115631/9ac3a79bafc651155dfe1560be022588/yyaac/560e/550e/0208/adcc871d55bd7e1bf16f5b2a40ba6ee5.m4a
1409320608,http://m10.music.126.net/20191227115632/65df2dae1a5c1dfb955fa1eb683e08cb/yyaac/540f/540e/0f59/ce82e8d3decd1f519fa78365d5d1b54a.m4a
1381305582,http://m10.music.126.net/20191227115632/6a86e84c38facfaddd2a60da90924f0e/yyaac/0708/525f/540b/0b8953f31ce5f0fa3ce2cacb8c982460.m4a
1346101981,http://m10.music.126.net/20191227115633/8a5f95f8204e2841d1854c493cc1e014/ymusic/025d/055e/525f/575af516c92481f05087e5ae1333ad48.mp3
1400047314,http://m10.music.126.net/20191227115633/0f7571b0950fa3392194ed2a678d3a21/yyaac/530e/0f09/515e/dda3675ef68c23dba19bf49af10b07ae.m4a
1385856956,http://m10.music.126.net/20191227115634/c9ddad9655a558e92b1a363540e7b1bb/yyaac/535c/0e59/0052/d61257b09893f69e6e1d785ea55002ec.m4a
1344897943,http://m10.music.126.net/20191227115635/0924bf3de60c7969204b2db29ef48776/ymusic/5152/5552/030c/f860fa842eb8201274264f2d9eda6139.mp3
502043537,http://m801.music.126.net/20191227115635/e620b17482712b175a42165f322a7f7a/jdyyaac/070c/0258/035e/0f4a0cc3fb526d9799a444f9b713ca1e.m4a
536622304,http://m701.music.126.net/20191227115636/389cc37ae545011a0f498fa0692b8dd7/jdyyaac/525f/0058/0e08/e512cd13a07213af30889be104707506.m4a
1396973729,http://m10.music.126.net/20191227115636/1c593ac77e7558b4e3cf43388d9596c6/yyaac/5353/0658/055d/d990eb96d112009e048f2732698a58a4.m4a
1403215687,http://m10.music.126.net/20191227115637/430939f11ff731bbcaf11dedace93b9e/yyaac/555f/565f/5459/b5d263a2b6a5c9a9258fc39090629840.m4a
1409493289,http://m10.music.126.net/20191227115638/3268d62f25f64d8cfd116f00baae70c4/yyaac/025b/020f/060b/51a91ac5955e6a5bc4731a1f507ab592.m4a
1411793113,http://m10.music.126.net/20191227115638/4fe5a97c9502852e2f627b5446252e95/yyaac/0258/0158/560e/5283369acc62beae692fad1d068961e6.m4a
512359195,http://m801.music.126.net/20191227115639/4be9b61c01c34dc636d80511b8804e45/jdyyaac/535b/0208/5358/d1223043d95be596c846d23417cee968.m4a
1383927243,http://m10.music.126.net/20191227115640/855b47b15550c28898b4d4acce0738cd/yyaac/005f/065c/0052/757c6fa4a21600fb92c578ffdb5a7611.m4a
1409382131,http://m10.music.126.net/20191227115641/0cb65acbfc3061bec0860f09be31ea1d/yyaac/565c/030f/5459/a6939b2eb24e5a8353fbc3503e2e82cf.m4a
1408969864,http://m10.music.126.net/20191227115641/572764ac5f706b2224f4e90fcd619821/yyaac/5308/035a/0259/db49d6040940db35fff953f8299e59dd.m4a
1412022808,http://m10.music.126.net/20191227115643/cd1bde4251912fabe8dee5ca12a0ab9d/yyaac/030b/0258/0758/4ad97864d55285bb97de0201197aab03.m4a
1401909095,http://m10.music.126.net/20191227115642/b0f022bcc32c3d22e721388a13e16a4f/yyaac/025f/565a/055b/5515aabf47a098b519d32148c8a8ecd7.m4a
1404511131,http://m10.music.126.net/20191227115643/c01da290cd5baa49b83dff9b181e0cd4/yyaac/545a/545b/5409/c0a6cf9cf3c1bf32bcf3cc9b13552543.m4a
1391891631,http://m10.music.126.net/20191227115644/b0c050dd7f45b93a57976b6aa8ce3804/yyaac/005f/075e/0658/7532ea28d9045e411cbb129c6f654d0f.m4a
1397105439,http://m10.music.126.net/20191227115645/f874c81a2037aa94617a8e32c7b20244/yyaac/0f0e/5452/515c/8d4133ecedc8f2108ef9f6f3e31feb4e.m4a
1369033716,http://m10.music.126.net/20191227115645/befc79a3228e588d69c97de0a5a90736/yyaac/0e58/060e/0f5a/92de7e495f1dde6ba71180ff184f677e.m4a
441491828,http://m701.music.126.net/20191227115646/9dc5ef05b6e758e23589b62ede793259/jdyyaac/5209/5158/010e/ec2ebb10a1f27cc0d06a6d31dcb60096.m4a
1321580023,http://m801.music.126.net/20191227115646/540d2707a55ed2888126b266a3e527f2/jdyyaac/520f/015c/0e0e/ee8dd6eec2665b318db49d523a742b81.m4a
1412060804,http://m10.music.126.net/20191227115647/3d381277a7eaed807f1f76ddb2327258/yyaac/565e/525b/045d/a42fe82f0ae19f28345737befdd587a0.m4a
1412209901,http://m10.music.126.net/20191227115647/a803b726d38fccaf2bbf761961a1f33b/yyaac/0153/015d/0052/69fa258b5e6791b48fe078cfc6d69544.m4a
1390397310,http://m10.music.126.net/20191227115648/2fd9da3b9be490acbc960b74d86ebd9d/yyaac/0753/045f/0e08/09592d679b35be7894d59b58f6121713.m4a
1391639224,http://m10.music.126.net/20191227115648/69e8e7c3a0b7240d72c13bdd76536e61/yyaac/000f/560b/0f53/7eff062b40aab9410e7089a5fbebdf8f.m4a
476659144,http://m10.music.126.net/20191227115649/e5be52eb101d7750c3f9abdf6b0bb6ba/yyaac/565e/5659/0f5e/a415abed01a3bce275c9847d3c429fa4.m4a
1410794134,http://m10.music.126.net/20191227115650/51a40b33f4017a9e5d41a2d66d154352/yyaac/555a/005f/015c/b0c857c3ca755d94f02d6691753b172f.m4a
1346104327,http://m10.music.126.net/20191227115650/9a728c217ed9f55d83655e3be47d38fe/ymusic/918c/1958/7d87/022d7d76c923b1caaca6e30ca47d0f69.mp3
1399144322,http://m10.music.126.net/20191227115651/20fb3e5ccd11ab3060cfcb1b6903ff58/yyaac/065b/065b/565f/11b56b5e301121e97cc3a5f98f697daa.m4a
1408763226,http://m10.music.126.net/20191227115651/555b1ff1575dccb0109b24237e52d65e/yyaac/0508/515b/030f/2b88ba129bf17537f3eb4e056eb2ea98.m4a
1377574592,http://m10.music.126.net/20191227115652/a10e9a6c9d8b06ccfb6bf91d3eb4e58b/yyaac/0553/565b/5308/299707ec09a16d4476addb4e6a771585.m4a
1354629987,http://m10.music.126.net/20191227115652/a7e5e7cc304e90e8e842b2b08f8fc162/ymusic/510e/545c/5152/fdc454c6eec650884d98f8e116708c11.mp3
1407965267,http://m10.music.126.net/20191227115653/a531c02cba87b68b8d21700a316af2b3/yyaac/540e/510e/0008/cd6e09a210fde8d43b517becb4e8dd46.m4a
1411121242,http://m10.music.126.net/20191227115653/fcd10f26a1d2611d642785b061d48d0c/yyaac/5353/035d/070e/d9021f18c947564e5a8e0d57fb1402bf.m4a
1389664239,http://m10.music.126.net/20191227115654/0c61f2975546fa1b535925a58c9ea575/yyaac/030c/565f/555a/4fd40a11aea5b2994f64b08a844e7f30.m4a
1407925668,http://m10.music.126.net/20191227115655/6de859644d79d7c4b07c8aac7f788ece/yyaac/0359/015f/040e/43ee4be4ec65109c29de3d8d4c9c54b1.m4a
1351112642,http://m10.music.126.net/20191227115656/c5a97788f6b62167b4506f3173147c74/ymusic/5252/5258/0e09/e856a01b9be28d5ce4aa9c1c36ba618c.mp3
32835565,http://m801.music.126.net/20191227115656/edf6f1eeaf176830d25f107074cad142/jdyyaac/510b/070e/0552/fadc06f91f0db08274d428e11dd968c9.m4a
1394073727,http://m10.music.126.net/20191227115657/371c5b1f8a1375602cdf2951df725305/yyaac/0e0b/555a/015a/9a73df0078b064f458f960646a688c26.m4a
1330348068,http://m801.music.126.net/20191227115657/783aad5f147eebf7589dac166969b262/jdyyaac/565b/065f/0358/a1cd0e25a815dffcc0c1422398efde9e.m4a
1396347452,http://m10.music.126.net/20191227115658/2694f330dffbf72f99d3c849f1c4c506/yyaac/510b/0e52/540f/fa76145a40980be6d4b8cee98180799c.m4a
1334055306,http://m10.music.126.net/20191227115658/c158ea26d312f23eee20154969fb4705/yyaac/560f/005e/535c/aeb65c91ba74cd478c91d639c2a9a03a.m4a
1408763442,http://m10.music.126.net/20191227115659/74b92f28548d625365dacfbfcb9532cc/yyaac/0f5f/0258/535b/85f69aa0f352e114fd0dd132efb8cc2d.m4a
1353443885,http://m10.music.126.net/20191227115700/a097bdc1d400d1ea664526f66ec0a052/ymusic/075f/5252/515f/0593759dd4e8192daff2f5a95bc0b8e0.mp3
1377078201,http://m10.music.126.net/20191227115700/dc3a862a63ffd77c189692493a7d6a24/yyaac/5608/015b/035b/abe1269ee061819a27eb414f7ac1e602.m4a
1412241652,http://m10.music.126.net/20191227115701/90c6042eb67dd5f53630aeffb408e99f/yyaac/515e/535d/0059/f4a2b8b7e5d71e1608d873c9490b242f.m4a
1411319725,http://m10.music.126.net/20191227115701/6d1a707ba44150dd56f53f05db44c95b/yyaac/0e0f/5459/550c/9e6a921b49c3e1a3afedbfde2321434b.m4a
1376149370,http://m10.music.126.net/20191227115702/2d3e05b0564b5e688016c4a7ecacc0b3/yyaac/0f0c/545c/0158/8fba407ea2c60d49c73c62fe9f1a54f9.m4a
485960228,http://m701.music.126.net/20191227115703/68d2972742bc160d6cac1c2585e3ffb9/jdyyaac/5553/015a/0459/b9e949f08960c1ee5f2233165fba4a81.m4a
506092654,http://m801.music.126.net/20191227115703/5d4dd8f262d6fd7a558f7c881662c649/jdyyaac/545c/515f/5258/c6f84851e2f529c24d31e2203af63b2b.m4a
1343756008,http://m10.music.126.net/20191227115705/a425d34cff93743a66ff89e50b6ec1bf/ymusic/0f53/045e/055c/89b330c1e634def43efc26e095bafb25.mp3
1387157948,http://m10.music.126.net/20191227115706/b84a23f3882b036d4dc6c05c803c4dc5/yyaac/555a/550f/560e/b0f63d3d72be0c93454cad6fd4dfc050.m4a
1399129425,http://m10.music.126.net/20191227115706/82d2de9dc6120fb1389ea3111e5a070a/yyaac/515d/515c/000b/f720bb37bbf6fd74038e7af6475cd98e.m4a
1412137880,http://m10.music.126.net/20191227115707/c71b6150470c79c2994e66437ee8fc86/yyaac/565e/550f/520e/a421372e2cbeec5ca76fed6cca1ffff3.m4a
1403490989,http://m10.music.126.net/20191227115707/eb8e1dadb97280baf2f8b7a511742aad/yyaac/015c/520b/5509/6604621740ea549f5195bce6b4046498.m4a
1388357890,http://m10.music.126.net/20191227115708/9b41ec2c54f4cf0b5b280e04059e2ad3/yyaac/545a/0f09/0408/c03a78ad258c08e6059d3ba5f402b56d.m4a
1412207769,http://m10.music.126.net/20191227115708/07e8431ac468fe45462cebd06655caaf/yyaac/560b/045b/025b/aaccafd2b83125518d7e5156011e0107.m4a
1411804559,http://m10.music.126.net/20191227115709/9f7651f5ee02000b1832543ef937cefd/yyaac/025a/0f5b/5609/50e6a130b281dbd8ffb7ac9dec5b7201.m4a
